,accuracy,balanced_accuracy,cluster_accuracy,macroF1_score,medianF1_score,medianPrecision_score,medianRecall_score,mathews_corr_coef_score,adjusted_rand_score,cohens_kappa_score
top1k_diffReg,0.8669871794871795,0.8958826573050671,1.0,0.8743522668589838,0.8681728766994172,0.8618181818181818,0.8727608393653579,0.824881906343338,0.6764694130247273,0.824364437913299
top2k_diffReg,0.8659188034188035,0.895206120330892,1.0,0.8710423720156122,0.8640593597895381,0.8757694262480236,0.8894128829421657,0.8235749624495592,0.6778661742539013,0.8229278897844143
top3k_diffReg,0.8370726495726496,0.8820105449007823,0.875,0.8540818814568149,0.8383074170378189,0.8335599427131488,0.9021349711193976,0.7901469327694022,0.6082301700213955,0.7855853704150171
